order_id,product_id,product_name,kategori,quantity,total_harga,tanggal_order,kota,channel,status,customer_email,harga_satuan
ORD-10122,P009,Kahf Edt Revered Oud,Fragrance,3,447000,2024-07-06,Denpasar,Website,Cancelled,customer3@email.com,149000
ORD-10107,P008,Kahf Hair Tonic,Hair Care,3,126000,2024-12-07,Solo,Marketplace,Pending,customer45@email.com,42000
ORD-10128,P001,Kahf Oil & Acne Care Facial Wash,Face Care,1,32000,2024-05-19,Jakarta,Website,Pending,customer9@email.com,32000
ORD-10001,P008,Kahf Hair Tonic,Hair Care,5,210000,2024-05-24,Bandung,Marketplace,Completed,customer13@email.com,42000
ORD-10053,P002,Kahf Skin Energizing & Brightening Face Wash,Face Care,1,34000,2024-07-08,Malang,Marketplace,Cancelled,customer22@email.com,34000
ORD-10022,P007,Kahf Deodorant Roll On,Body Care,5,125000,2024-07-06,Makassar,Marketplace,Pending,customer6@email.com,25000
ORD-10019,P006,Kahf Hair & Body Wash,Body Care,1,38000,2024-07-09,Jakarta,Mobile App,Cancelled,dummy123@gmail.com,38000
ORD-10030,P008,Kahf Hair Tonic,Hair Care,1,42000,2024-10-05,Medan,Mobile App,Cancelled,customer24@email.com,42000
ORD-10038,P009,Kahf Edt Revered Oud,Fragrance,2,298000,2024-05-15,Yogyakarta,Marketplace,Shipped,customer35@email.com,149000
ORD-10125,P007,Kahf Deodorant Roll On,Body Care,5,125000,2024-05-10,Bandung,Mobile App,Cancelled,customer2@email.com,25000
ORD-10055,P005,Kahf Aqua Matte Sunscreen Spf50,Face Care,3,195000,2024-07-08,Malang,Mobile App,Cancelled,customer12@email.com,65000
ORD-10012,P001,Kahf Oil & Acne Care Facial Wash,Face Care,3,96000,2024-01-07,Malang,Mobile App,Cancelled,customer38@email.com,32000
ORD-10130,P005,Kahf Aqua Matte Sunscreen Spf50,Face Care,2,130000,2024-06-29,Medan,Mobile App,Completed,customer27@email.com,65000
ORD-10048,P002,Kahf Skin Energizing & Brightening Face Wash,Face Care,1,34000,2024-12-07,Bandung,Website,Cancelled,customer33@email.com,34000
ORD-10069,P002,Kahf Skin Energizing & Brightening Face Wash,Face Care,1,34000,2024-05-28,Makassar,Website,Completed,customer50@email.com,34000
ORD-10031,P001,Kahf Oil & Acne Care Facial Wash,Face Care,5,160000,2024-05-29,Semarang,Marketplace,Cancelled,dummy123@gmail.com,32000
ORD-10097,P002,Kahf Skin Energizing & Brightening Face Wash,Face Care,2,68000,2024-06-22,Semarang,Website,Cancelled,customer28@email.com,34000
ORD-10116,P002,Kahf Skin Energizing & Brightening Face Wash,Face Care,2,68000,2024-06-23,Semarang,Marketplace,Shipped,customer18@email.com,34000
ORD-10015,P005,Kahf Aqua Matte Sunscreen Spf50,Face Care,1,65000,2024-05-30,Yogyakarta,Mobile App,Cancelled,customer9@email.com,65000
ORD-10129,P009,Kahf Edt Revered Oud,Fragrance,1,149000,2024-06-24,Jakarta,Mobile App,Cancelled,customer31@email.com,149000
ORD-10102,P006,Kahf Hair & Body Wash,Body Care,1,38000,2024-05-16,Medan,Website,Shipped,customer30@email.com,38000
ORD-10041,P010,Kahf Edt Humbling Forest,Fragrance,1,149000,2024-05-03,Medan,Website,Shipped,customer50@email.com,149000
ORD-10046,P007,Kahf Deodorant Roll On,Body Care,1,25000,2024-07-30,Medan,Mobile App,Shipped,customer35@email.com,25000
ORD-10005,P006,Kahf Hair & Body Wash,Body Care,2,76000,2024-07-12,Malang,Mobile App,Pending,dummy123@gmail.com,38000
ORD-10115,P006,Kahf Hair & Body Wash,Body Care,3,114000,2024-07-21,Denpasar,Website,Shipped,dummy123@gmail.com,38000
ORD-10018,P006,Kahf Hair & Body Wash,Body Care,2,76000,2024-07-21,Solo,Mobile App,Completed,dummy123@gmail.com,38000
ORD-10091,P009,Kahf Edt Revered Oud,Fragrance,5,745000,2024-06-10,Malang,Website,Completed,customer20@email.com,149000
ORD-10120,P009,Kahf Edt Revered Oud,Fragrance,2,298000,2024-06-06,Medan,Mobile App,Shipped,customer11@email.com,149000
ORD-10074,P006,Kahf Hair & Body Wash,Body Care,2,76000,2024-06-01,Semarang,Marketplace,Completed,customer34@email.com,38000
ORD-10068,P009,Kahf Edt Revered Oud,Fragrance,2,298000,2024-06-15,Semarang,Marketplace,Cancelled,customer31@email.com,149000
ORD-10079,P006,Kahf Hair & Body Wash,Body Care,1,38000,2024-05-10,Malang,Marketplace,Pending,customer47@email.com,38000
ORD-10037,P009,Kahf Edt Revered Oud,Fragrance,1,149000,2024-06-02,Malang,Mobile App,Cancelled,customer36@email.com,149000
ORD-10059,P003,Kahf Hydro Balance Moisturizer,Face Care,5,225000,2024-03-07,Malang,Mobile App,Completed,customer28@email.com,45000
ORD-10033,P008,Kahf Hair Tonic,Hair Care,3,126000,2024-07-22,Medan,Marketplace,Shipped,customer47@email.com,42000
ORD-10080,P002,Kahf Skin Energizing & Brightening Face Wash,Face Care,5,170000,2024-06-16,Surabaya,Marketplace,Cancelled,customer34@email.com,34000
ORD-10013,P005,Kahf Aqua Matte Sunscreen Spf50,Face Care,2,130000,2024-05-21,Malang,Website,Shipped,customer13@email.com,65000
ORD-10126,P010,Kahf Edt Humbling Forest,Fragrance,1,149000,2024-06-10,Yogyakarta,Marketplace,Cancelled,customer45@email.com,149000
ORD-10106,P005,Kahf Aqua Matte Sunscreen Spf50,Face Care,2,130000,2024-05-05,Malang,Website,Shipped,customer42@email.com,65000
ORD-10057,P009,Kahf Edt Revered Oud,Fragrance,1,149000,2024-05-13,Makassar,Mobile App,Pending,customer1@email.com,149000
ORD-10039,P009,Kahf Edt Revered Oud,Fragrance,4,596000,2024-07-02,Bandung,Website,Pending,customer8@email.com,149000
ORD-10026,P008,Kahf Hair Tonic,Hair Care,3,126000,2024-05-09,Bandung,Marketplace,Pending,customer46@email.com,42000
ORD-10064,P007,Kahf Deodorant Roll On,Body Care,5,125000,2024-06-23,Denpasar,Mobile App,Cancelled,customer44@email.com,25000
ORD-10004,P009,Kahf Edt Revered Oud,Fragrance,2,298000,2024-11-05,Malang,Mobile App,Completed,customer43@email.com,149000
ORD-10043,P004,Kahf Acne Spot Solution Serum,Face Care,4,232000,2024-07-18,Denpasar,Mobile App,Cancelled,customer34@email.com,58000
ORD-10072,P010,Kahf Edt Humbling Forest,Fragrance,1,149000,2024-07-28,Makassar,Website,Completed,customer49@email.com,149000
ORD-10017,P002,Kahf Skin Energizing & Brightening Face Wash,Face Care,3,102000,2024-07-24,Yogyakarta,Marketplace,Pending,customer22@email.com,34000
ORD-10123,P002,Kahf Skin Energizing & Brightening Face Wash,Face Care,4,136000,2024-02-06,Makassar,Website,Cancelled,customer50@email.com,34000
ORD-10083,P010,Kahf Edt Humbling Forest,Fragrance,5,745000,2024-05-14,Bandung,Website,Cancelled,dummy123@gmail.com,149000
ORD-10006,P002,Kahf Skin Energizing & Brightening Face Wash,Face Care,1,34000,2024-05-27,Solo,Mobile App,Pending,dummy123@gmail.com,34000
ORD-10029,P003,Kahf Hydro Balance Moisturizer,Face Care,4,180000,2024-04-06,Bandung,Mobile App,Shipped,dummy123@gmail.com,45000
ORD-10025,P004,Kahf Acne Spot Solution Serum,Face Care,4,232000,2024-05-28,Semarang,Website,Cancelled,customer13@email.com,58000
ORD-10098,P004,Kahf Acne Spot Solution Serum,Face Care,1,58000,2024-06-22,Malang,Website,Shipped,customer22@email.com,58000
ORD-10002,P003,Kahf Hydro Balance Moisturizer,Face Care,1,45000,2024-06-05,Yogyakarta,Website,Shipped,customer41@email.com,45000
ORD-10065,P004,Kahf Acne Spot Solution Serum,Face Care,5,290000,2024-07-19,Makassar,Website,Cancelled,customer33@email.com,58000
ORD-10087,P008,Kahf Hair Tonic,Hair Care,3,126000,2024-07-17,Malang,Mobile App,Cancelled,customer27@email.com,42000
ORD-10085,P005,Kahf Aqua Matte Sunscreen Spf50,Face Care,5,325000,2024-07-24,Solo,Marketplace,Shipped,customer22@email.com,65000
ORD-10016,P004,Kahf Acne Spot Solution Serum,Face Care,1,58000,2024-05-08,Bandung,Mobile App,Cancelled,customer16@email.com,58000
ORD-10090,P010,Kahf Edt Humbling Forest,Fragrance,2,298000,2024-07-27,Solo,Marketplace,Pending,customer13@email.com,149000
ORD-10009,P003,Kahf Hydro Balance Moisturizer,Face Care,4,180000,2024-06-23,Jakarta,Website,Completed,dummy123@gmail.com,45000
ORD-10121,P003,Kahf Hydro Balance Moisturizer,Face Care,1,45000,2024-06-29,Solo,Website,Shipped,dummy123@gmail.com,45000
ORD-10082,P005,Kahf Aqua Matte Sunscreen Spf50,Face Care,1,65000,2024-07-22,Bandung,Marketplace,Shipped,customer20@email.com,65000
ORD-10092,P008,Kahf Hair Tonic,Hair Care,1,42000,2024-07-25,Surabaya,Marketplace,Shipped,customer7@email.com,42000
ORD-10099,P005,Kahf Aqua Matte Sunscreen Spf50,Face Care,3,195000,2024-05-14,Semarang,Marketplace,Cancelled,customer29@email.com,65000
ORD-10020,P006,Kahf Hair & Body Wash,Body Care,3,114000,2024-06-23,Solo,Marketplace,Pending,customer5@email.com,38000
ORD-10124,P010,Kahf Edt Humbling Forest,Fragrance,5,745000,2024-07-05,Bandung,Marketplace,Pending,customer46@email.com,149000
ORD-10093,P007,Kahf Deodorant Roll On,Body Care,5,125000,2024-02-05,Yogyakarta,Mobile App,Pending,customer30@email.com,25000
ORD-10014,P007,Kahf Deodorant Roll On,Body Care,1,25000,2024-02-06,Malang,Marketplace,Pending,dummy123@gmail.com,25000
ORD-10035,P005,Kahf Aqua Matte Sunscreen Spf50,Face Care,5,325000,2024-06-24,Bandung,Mobile App,Cancelled,customer5@email.com,65000
ORD-10094,P009,Kahf Edt Revered Oud,Fragrance,2,298000,2024-07-25,Makassar,Website,Pending,customer36@email.com,149000
ORD-10112,P010,Kahf Edt Humbling Forest,Fragrance,1,149000,2024-05-17,Denpasar,Marketplace,Completed,dummy123@gmail.com,149000
ORD-10066,P005,Kahf Aqua Matte Sunscreen Spf50,Face Care,2,130000,2024-05-26,Jakarta,Mobile App,Completed,customer42@email.com,65000
ORD-10034,P005,Kahf Aqua Matte Sunscreen Spf50,Face Care,3,195000,2024-06-14,Jakarta,Mobile App,Pending,customer2@email.com,65000
ORD-10086,P004,Kahf Acne Spot Solution Serum,Face Care,1,58000,2024-07-06,Jakarta,Website,Shipped,customer34@email.com,58000
ORD-10067,P007,Kahf Deodorant Roll On,Body Care,1,25000,2024-07-09,Surabaya,Mobile App,Cancelled,dummy123@gmail.com,25000
ORD-10003,P009,Kahf Edt Revered Oud,Fragrance,1,149000,2024-07-16,Solo,Marketplace,Cancelled,customer16@email.com,149000
ORD-10078,P003,Kahf Hydro Balance Moisturizer,Face Care,1,45000,2024-05-29,Solo,Mobile App,Completed,customer16@email.com,45000
ORD-10047,P002,Kahf Skin Energizing & Brightening Face Wash,Face Care,2,68000,2024-05-15,Denpasar,Marketplace,Pending,customer24@email.com,34000
ORD-10036,P008,Kahf Hair Tonic,Hair Care,1,42000,2024-07-26,Surabaya,Marketplace,Completed,customer34@email.com,42000
ORD-10105,P007,Kahf Deodorant Roll On,Body Care,1,25000,2024-05-19,Malang,Mobile App,Cancelled,customer3@email.com,25000
ORD-10010,P001,Kahf Oil & Acne Care Facial Wash,Face Care,2,64000,2024-07-22,Jakarta,Website,Pending,customer39@email.com,32000
ORD-10103,P009,Kahf Edt Revered Oud,Fragrance,2,298000,2024-07-16,Surabaya,Mobile App,Completed,customer22@email.com,149000
ORD-10050,P007,Kahf Deodorant Roll On,Body Care,5,125000,2024-07-16,Jakarta,Mobile App,Shipped,customer14@email.com,25000
ORD-10070,P003,Kahf Hydro Balance Moisturizer,Face Care,3,135000,2024-06-24,Yogyakarta,Marketplace,Completed,customer12@email.com,45000
ORD-10096,P003,Kahf Hydro Balance Moisturizer,Face Care,1,45000,2024-05-24,Malang,Marketplace,Shipped,customer12@email.com,45000
ORD-10088,P005,Kahf Aqua Matte Sunscreen Spf50,Face Care,1,65000,2024-07-06,Bandung,Website,Shipped,customer18@email.com,65000
ORD-10100,P005,Kahf Aqua Matte Sunscreen Spf50,Face Care,2,130000,2024-05-07,Yogyakarta,Website,Cancelled,customer33@email.com,65000
ORD-10081,P004,Kahf Acne Spot Solution Serum,Face Care,1,58000,2024-11-06,Malang,Website,Completed,customer11@email.com,58000
ORD-10063,P001,Kahf Oil & Acne Care Facial Wash,Face Care,4,128000,2024-06-15,Surabaya,Marketplace,Cancelled,customer4@email.com,32000
ORD-10058,P009,Kahf Edt Revered Oud,Fragrance,1,149000,2024-07-10,Malang,Marketplace,Pending,customer5@email.com,149000
ORD-10061,P003,Kahf Hydro Balance Moisturizer,Face Care,4,180000,2024-06-20,Yogyakarta,Marketplace,Cancelled,customer21@email.com,45000
ORD-10040,P007,Kahf Deodorant Roll On,Body Care,4,100000,2024-06-13,Semarang,Website,Pending,customer9@email.com,25000
ORD-10113,P004,Kahf Acne Spot Solution Serum,Face Care,2,116000,2024-06-27,Yogyakarta,Marketplace,Completed,customer29@email.com,58000
ORD-10077,P002,Kahf Skin Energizing & Brightening Face Wash,Face Care,2,68000,2024-05-11,Surabaya,Marketplace,Shipped,dummy123@gmail.com,34000
ORD-10104,P004,Kahf Acne Spot Solution Serum,Face Care,3,174000,2024-10-05,Bandung,Website,Completed,customer36@email.com,58000
ORD-10127,P007,Kahf Deodorant Roll On,Body Care,2,50000,2024-07-16,Malang,Mobile App,Cancelled,customer43@email.com,25000
ORD-10027,P005,Kahf Aqua Matte Sunscreen Spf50,Face Care,2,130000,2024-07-03,Yogyakarta,Mobile App,Shipped,customer34@email.com,65000
ORD-10062,P007,Kahf Deodorant Roll On,Body Care,5,125000,2024-07-06,Solo,Website,Shipped,customer3@email.com,25000
ORD-10021,P007,Kahf Deodorant Roll On,Body Care,1,25000,2024-07-21,Makassar,Mobile App,Completed,dummy123@gmail.com,25000
ORD-10071,P002,Kahf Skin Energizing & Brightening Face Wash,Face Care,1,34000,2024-06-29,Jakarta,Mobile App,Cancelled,customer44@email.com,34000
ORD-10024,P010,Kahf Edt Humbling Forest,Fragrance,2,298000,2024-07-24,Medan,Marketplace,Completed,customer22@email.com,149000
ORD-10032,P002,Kahf Skin Energizing & Brightening Face Wash,Face Care,4,136000,2024-06-27,Jakarta,Website,Completed,customer9@email.com,34000
ORD-10045,P004,Kahf Acne Spot Solution Serum,Face Care,2,116000,2024-05-18,Bandung,Marketplace,Completed,customer7@email.com,58000
ORD-10054,P003,Kahf Hydro Balance Moisturizer,Face Care,1,45000,2024-05-02,Yogyakarta,Website,Completed,customer7@email.com,45000
ORD-10109,P010,Kahf Edt Humbling Forest,Fragrance,4,596000,2024-06-09,Medan,Marketplace,Cancelled,customer49@email.com,149000
ORD-10007,P007,Kahf Deodorant Roll On,Body Care,1,25000,2024-06-04,Surabaya,Mobile App,Shipped,customer44@email.com,25000
ORD-10101,P010,Kahf Edt Humbling Forest,Fragrance,1,149000,2024-05-18,Solo,Marketplace,Completed,customer6@email.com,149000
ORD-10110,P009,Kahf Edt Revered Oud,Fragrance,4,596000,2024-07-07,Denpasar,Mobile App,Pending,customer7@email.com,149000
ORD-10049,P003,Kahf Hydro Balance Moisturizer,Face Care,2,90000,2024-08-05,Solo,Marketplace,Completed,dummy123@gmail.com,45000
ORD-10028,P001,Kahf Oil & Acne Care Facial Wash,Face Care,2,64000,2024-07-30,Yogyakarta,Mobile App,Shipped,dummy123@gmail.com,32000
ORD-10108,P002,Kahf Skin Energizing & Brightening Face Wash,Face Care,1,34000,2024-06-07,Jakarta,Marketplace,Completed,customer34@email.com,34000
ORD-10051,P004,Kahf Acne Spot Solution Serum,Face Care,1,58000,2024-06-21,Yogyakarta,Marketplace,Shipped,customer24@email.com,58000
ORD-10118,P005,Kahf Aqua Matte Sunscreen Spf50,Face Care,3,195000,2024-07-15,Makassar,Mobile App,Cancelled,customer8@email.com,65000
ORD-10060,P008,Kahf Hair Tonic,Hair Care,2,84000,2024-06-07,Jakarta,Website,Shipped,customer46@email.com,42000
ORD-10023,P001,Kahf Oil & Acne Care Facial Wash,Face Care,2,64000,2024-07-18,Jakarta,Mobile App,Cancelled,dummy123@gmail.com,32000
ORD-10119,P005,Kahf Aqua Matte Sunscreen Spf50,Face Care,1,65000,2024-10-05,Denpasar,Marketplace,Completed,dummy123@gmail.com,65000
ORD-10076,P008,Kahf Hair Tonic,Hair Care,2,84000,2024-09-07,Yogyakarta,Marketplace,Pending,customer4@email.com,42000
ORD-10114,P001,Kahf Oil & Acne Care Facial Wash,Face Care,5,160000,2024-05-19,Makassar,Marketplace,Cancelled,customer32@email.com,32000
ORD-10111,P004,Kahf Acne Spot Solution Serum,Face Care,1,58000,2024-06-17,Bandung,Mobile App,Pending,customer43@email.com,58000
ORD-10117,P003,Kahf Hydro Balance Moisturizer,Face Care,2,90000,2024-05-26,Bandung,Website,Completed,customer45@email.com,45000
ORD-10089,P004,Kahf Acne Spot Solution Serum,Face Care,1,58000,2024-06-04,Solo,Marketplace,Shipped,dummy123@gmail.com,58000
ORD-10073,P006,Kahf Hair & Body Wash,Body Care,3,114000,2024-07-12,Solo,Mobile App,Pending,customer29@email.com,38000
ORD-10044,P009,Kahf Edt Revered Oud,Fragrance,2,298000,2024-05-30,Bandung,Website,Completed,customer9@email.com,149000
ORD-10095,P002,Kahf Skin Energizing & Brightening Face Wash,Face Care,3,102000,2024-07-21,Solo,Marketplace,Shipped,customer31@email.com,34000
ORD-10008,P007,Kahf Deodorant Roll On,Body Care,1,25000,2024-08-05,Denpasar,Marketplace,Cancelled,customer1@email.com,25000
ORD-10084,P010,Kahf Edt Humbling Forest,Fragrance,5,745000,2024-05-06,Makassar,Website,Pending,customer12@email.com,149000
ORD-10075,P007,Kahf Deodorant Roll On,Body Care,4,100000,2024-06-19,Yogyakarta,Website,Shipped,customer24@email.com,25000
ORD-10052,P006,Kahf Hair & Body Wash,Body Care,1,38000,2024-06-21,Denpasar,Mobile App,Completed,customer41@email.com,38000
ORD-10042,P005,Kahf Aqua Matte Sunscreen Spf50,Face Care,3,195000,2024-05-14,Surabaya,Website,Completed,customer32@email.com,65000
ORD-10011,P005,Kahf Aqua Matte Sunscreen Spf50,Face Care,1,65000,2024-06-19,Surabaya,Website,Cancelled,customer19@email.com,65000
ORD-10056,P002,Kahf Skin Energizing & Brightening Face Wash,Face Care,4,136000,2024-07-18,Medan,Marketplace,Pending,dummy123@gmail.com,34000
